"DESCRIPTION","DURATION IN MS","NAME","PARENT SUITE","START TIME","STATUS","STOP TIME","SUB SUITE","SUITE","TEST CLASS","TEST METHOD"
"","700","Успешный переход в раздел 'История заказов'","tests","2026-08-19","passed","2026-08-19","TestUserCabinet","Личный кабинет пользователя","",""
"","2440","После оформления заказа его номер появляется в разделе 'В работе'","tests","2026-08-19","passed","2026-08-19","TestOrdersFeed","Лента заказов (Только UI)","",""
"","5719","При добавлении ингредиента в заказ увеличивается его каунтер","tests","2026-08-19","passed","2026-08-19","TestCoreFunctionality","Основной функционал главной страницы","",""
"","57","Успешный переход в личный кабинет по клику на 'Личный кабинет'","tests","2026-08-19","passed","2026-08-19","TestUserCabinet","Личный кабинет пользователя","",""
"","1159","Успешный выход из аккаунта","tests","2026-08-19","passed","2026-08-19","TestUserCabinet","Личный кабинет пользователя","",""
"","1303","Ввод почты и клик по кнопке «Восстановить»","tests","2026-08-19","passed","2026-08-19","TestPasswordRecovery","Восстановление пароля","",""
"","5667","Появление всплывающего окна с деталями при клике на ингредиент","tests","2026-08-19","passed","2026-08-19","TestCoreFunctionality","Основной функционал главной страницы","",""
"","927","Если кликнуть на заказ, откроется всплывающее окно с деталями","tests","2026-08-19","passed","2026-08-19","TestOrdersFeed","Лента заказов (Только UI)","",""
"","5760","Всплывающее окно успешно закрывается при клике на крестик","tests","2026-08-19","passed","2026-08-19","TestCoreFunctionality","Основной функционал главной страницы","",""
"","1654","Залогиненный пользователь может успешно оформить заказ","tests","2026-08-19","passed","2026-08-19","TestCoreFunctionality","Основной функционал главной страницы","",""
"","1716","При создании нового заказа счётчик 'Выполнено за сегодня' увеличивается","tests","2026-08-19","passed","2026-08-19","TestOrdersFeed","Лента заказов (Только UI)","",""
"","1975","При создании нового заказа счётчик 'Выполнено за всё время' увеличивается","tests","2026-08-19","passed","2026-08-19","TestOrdersFeed","Лента заказов (Только UI)","",""
"","498","Переход на страницу восстановления пароля, кликая «Восстановить пароль»","tests","2026-08-19","passed","2026-08-19","TestPasswordRecovery","Восстановление пароля","",""
"","1719","Клик по иконке показать/скрыть пароль делает поле активным — подсвечивает его","tests","2026-08-19","passed","2026-08-19","TestPasswordRecovery","Восстановление пароля","",""
